gene,position,scenario,long_lived_char,short_lived_char,alignment_type,validated,validation_pvalue,n_long_val,n_short_val
ATP6,99,scenario_2,A,CT,nucleotide,False,0.11243099994241645,17,13
ATP6,115,scenario_2,A,CT,nucleotide,False,0.49999999999999994,29,5
ATP6,116,scenario_1,A,C,nucleotide,False,0.1518099924396776,22,7
ATP6,126,scenario_3,AC,T,nucleotide,False,0.12894190161851338,21,9
ATP6,127,scenario_3,AG,C,nucleotide,True,0.049720181046654904,26,7
ATP6,128,scenario_3,CT,A,nucleotide,False,0.06057978859457626,28,6
ATP6,131,scenario_1,C,T,nucleotide,False,0.1283422459893048,32,2
ATP6,158,scenario_1,C,T,nucleotide,False,0.1136682256494635,14,20
ATP6,195,scenario_3,CT,A,nucleotide,True,0.04456720307665802,8,25
ATP6,438,scenario_2,A,CT,nucleotide,False,0.9456064488438776,12,22
ATP6,545,scenario_1,T,C,nucleotide,False,0.4176611532139133,24,10
ATP8,98,scenario_1,A,T,nucleotide,True,0.008101456229275565,15,18
ATP8,117,scenario_2,C,AT,nucleotide,False,0.40687712034960605,5,29
COX1,114,scenario_3,CGT,A,nucleotide,False,0.16932416584323556,13,21
COX1,117,scenario_3,CT,A,nucleotide,False,0.10861064217928929,23,10
COX1,142,scenario_2,T,AC,nucleotide,False,0.7924882855512958,13,21
COX1,144,scenario_2,G,AT,nucleotide,False,0.5092062405521804,7,24
COX1,255,scenario_2,A,GT,nucleotide,False,0.3201890989988876,28,4
COX1,393,scenario_1,T,A,nucleotide,False,0.3816703040268372,14,11
COX1,450,scenario_3,ACG,T,nucleotide,False,0.2549467358962152,19,15
COX1,531,scenario_3,CT,A,nucleotide,True,0.022361985092010542,21,10
COX1,786,scenario_3,CGT,A,nucleotide,False,0.5925913596752328,9,25
COX1,889,scenario_2,A,CT,nucleotide,True,0.012259791781031298,24,10
COX1,1026,scenario_3,CG,A,nucleotide,False,0.5541831615623762,12,20
COX1,1161,scenario_1,C,T,nucleotide,False,0.3566515869392288,14,20
COX1,1176,scenario_2,C,AG,nucleotide,False,0.11966661308682092,11,20
COX1,1223,scenario_1,C,T,nucleotide,False,0.323464530361082,26,8
COX1,1266,scenario_1,T,C,nucleotide,True,0.02775059275103553,16,18
COX1,1485,scenario_3,CT,A,nucleotide,False,0.5,11,19
COX1,1524,scenario_3,CT,A,nucleotide,False,0.13291584843542326,19,13
COX1,1529,scenario_1,A,T,nucleotide,True,0.004308926611168867,24,10
COX2,61,scenario_3,CT,A,nucleotide,False,0.12689539047842835,23,11
COX2,109,scenario_1,C,T,nucleotide,False,0.2617716931724782,21,13
COX2,127,scenario_3,GT,A,nucleotide,True,0.02814907286801103,24,10
COX2,211,scenario_1,A,G,nucleotide,True,0.021582498165706527,24,10
COX2,492,scenario_2,C,AT,nucleotide,False,0.1068798127276393,12,22
COX2,554,scenario_1,T,C,nucleotide,False,0.3098981942470665,21,13
COX2,591,scenario_3,CT,A,nucleotide,True,0.028883888703906128,13,20
COX2,603,scenario_3,AC,T,nucleotide,False,0.3215837431632759,25,6
COX2,672,scenario_2,A,CT,nucleotide,False,0.42911649697182386,17,14
COX3,151,scenario_2,A,CT,nucleotide,False,0.12737558149521894,18,15
COX3,237,scenario_3,CT,A,nucleotide,False,0.6648845858320094,12,19
COX3,344,scenario_1,A,G,nucleotide,True,0.009983314794215796,4,28
COX3,379,scenario_1,A,C,nucleotide,False,0.48547008547008536,3,24
COX3,444,scenario_1,C,T,nucleotide,False,0.6284614260980395,18,16
COX3,523,scenario_3,CT,A,nucleotide,False,0.09035409035409037,24,5
COX3,585,scenario_3,CT,A,nucleotide,False,0.1018445247834866,20,13
COX3,741,scenario_3,CGT,A,nucleotide,True,0.021184768233644923,9,25
CYTB,21,scenario_3,CT,A,nucleotide,False,0.06772387227114054,24,10
CYTB,27,scenario_1,C,A,nucleotide,False,0.10743161638780802,9,22
CYTB,108,scenario_2,C,AT,nucleotide,False,0.7734551726981744,12,19
CYTB,129,scenario_1,A,C,nucleotide,False,0.2709515899935292,15,12
CYTB,232,scenario_3,GT,C,nucleotide,False,0.2959037866158609,7,12
CYTB,284,scenario_1,A,T,nucleotide,False,0.5466127683297052,9,25
CYTB,297,scenario_3,CGT,A,nucleotide,False,0.44146721062735533,11,23
CYTB,631,scenario_1,A,C,nucleotide,True,0.0008926809739692803,18,11
CYTB,730,scenario_2,C,AT,nucleotide,False,0.5079339271579015,26,8
CYTB,747,scenario_2,A,GT,nucleotide,False,0.24403704658262404,15,10
CYTB,767,scenario_1,A,T,nucleotide,False,0.24273331033293083,30,4
CYTB,883,scenario_2,G,ACT,nucleotide,False,0.21877892545192096,18,16
CYTB,962,scenario_1,G,C,nucleotide,False,0.1058047251187264,25,9
CYTB,963,scenario_3,CT,A,nucleotide,True,0.020980679661894087,30,4
CYTB,967,scenario_1,T,A,nucleotide,False,0.21014421042229717,25,8
CYTB,968,scenario_2,G,CT,nucleotide,False,0.094890991181873,21,13
CYTB,1001,scenario_1,C,T,nucleotide,False,0.17905923807382462,22,12
CYTB,1035,scenario_2,C,AT,nucleotide,False,0.47739420957713236,24,10
CYTB,1062,scenario_1,A,C,nucleotide,False,0.15130649842935828,10,18
CYTB,1078,scenario_3,CT,A,nucleotide,False,0.07497400797206061,19,12
CYTB,1135,scenario_1,T,C,nucleotide,True,0.04097913308310481,28,6
ND1,27,scenario_2,A,CT,nucleotide,False,0.8624934894274878,17,14
ND1,145,scenario_1,A,T,nucleotide,True,0.03627461117142941,25,9
ND1,292,scenario_2,A,CT,nucleotide,False,0.43795975374777485,25,9
ND1,315,scenario_3,ACG,T,nucleotide,False,0.6459330926222244,28,6
ND1,334,scenario_1,G,T,nucleotide,False,0.1058047251187264,25,9
ND1,488,scenario_3,CG,A,nucleotide,False,0.07447077191655903,22,10
ND1,501,scenario_2,A,CT,nucleotide,False,0.17354701456317628,8,26
ND1,557,scenario_1,T,A,nucleotide,False,0.07996662304722946,25,9
ND1,657,scenario_2,C,AT,nucleotide,False,0.6925022874556297,9,23
ND1,697,scenario_2,A,CG,nucleotide,False,0.06361569301600709,27,7
ND1,756,scenario_2,A,CT,nucleotide,False,0.7802578450722281,23,11
ND2,40,scenario_2,A,CT,nucleotide,False,0.10048766856657143,16,17
ND2,42,scenario_3,CT,A,nucleotide,False,0.09468717678111566,21,9
ND2,65,scenario_1,C,T,nucleotide,False,0.11449437320373174,11,22
ND2,105,scenario_2,A,CGT,nucleotide,False,0.323464530361082,26,8
ND2,130,scenario_3,CT,A,nucleotide,True,0.02035952232156649,19,15
ND2,201,scenario_3,CT,A,nucleotide,False,0.09471001402299123,10,23
ND2,258,scenario_2,C,AT,nucleotide,False,0.5334025916323999,9,23
ND2,259,scenario_2,A,CGT,nucleotide,False,0.1438558628174037,13,21
ND2,274,scenario_2,C,AG,nucleotide,False,0.2788948311730717,24,9
ND2,324,scenario_3,CGT,A,nucleotide,False,0.2259300663839203,7,27
ND2,357,scenario_3,CT,A,nucleotide,False,0.28946430021645775,15,19
ND2,472,scenario_2,T,AG,nucleotide,True,0.03048395264934224,9,25
ND2,552,scenario_1,C,T,nucleotide,False,0.1761919201944009,17,17
ND2,598,scenario_1,A,C,nucleotide,False,0.23635696136752948,22,9
ND2,609,scenario_2,A,CT,nucleotide,False,0.3326497483894592,25,8
ND2,659,scenario_3,CT,A,nucleotide,False,0.23002372464117277,22,12
ND2,669,scenario_2,A,CT,nucleotide,False,0.29078375825501845,17,17
ND2,680,scenario_1,C,T,nucleotide,True,0.005361913080730437,21,13
ND2,835,scenario_3,CT,G,nucleotide,False,0.11690766472438818,24,10
ND2,890,scenario_1,C,T,nucleotide,False,0.07127112798463109,18,16
ND2,940,scenario_2,A,CT,nucleotide,False,0.12078329348448646,25,9
ND2,947,scenario_2,A,CT,nucleotide,False,0.20106437623679,24,6
ND3,66,scenario_3,AG,C,nucleotide,True,0.0051465857917470815,25,8
ND3,82,scenario_2,A,CT,nucleotide,True,0.03693943954364028,6,28
ND3,239,scenario_1,C,T,nucleotide,False,0.12110708925088842,21,13
ND3,245,scenario_1,C,T,nucleotide,True,0.003644399896346604,23,10
ND3,247,scenario_3,AG,C,nucleotide,False,0.3820153446849776,24,7
ND3,248,scenario_1,A,C,nucleotide,False,0.25711026274873683,19,13
ND3,257,scenario_2,C,AGT,nucleotide,True,0.04689420495851644,12,22
ND3,265,scenario_2,C,AT,nucleotide,False,0.29263431347126845,24,9
ND3,277,scenario_1,C,T,nucleotide,True,0.041622525953970015,20,12
ND3,278,scenario_2,T,AC,nucleotide,False,0.32826246334310843,30,3
ND3,281,scenario_2,T,CG,nucleotide,False,0.6324443149019475,26,8
ND3,288,scenario_3,AC,T,nucleotide,False,0.8241486194767619,25,8
ND3,343,scenario_3,GT,A,nucleotide,True,0.012156443880009278,7,27
ND4,15,scenario_2,T,AC,nucleotide,True,0.02160689680459913,14,19
ND4,85,scenario_1,T,A,nucleotide,False,0.08983466202281509,24,10
ND4,87,scenario_2,A,CT,nucleotide,True,0.034353649999911334,11,18
ND4,161,scenario_2,C,AT,nucleotide,False,0.4498140176078039,22,12
ND4,217,scenario_3,AC,G,nucleotide,False,0.44388712181001333,17,11
ND4,241,scenario_1,G,A,nucleotide,False,0.46888538765729376,25,9
ND5,33,scenario_2,A,CT,nucleotide,False,0.3001883405804429,6,27
ND5,48,scenario_2,A,CT,nucleotide,False,0.051768106158948474,21,12
ND5,107,scenario_1,A,T,nucleotide,True,0.02779382052208136,23,11
ND5,111,scenario_1,C,A,nucleotide,False,0.3777484374644414,15,11
ND5,133,scenario_3,CT,A,nucleotide,False,0.09199756029910844,21,12
ND5,163,scenario_1,A,C,nucleotide,False,0.3320013637519359,17,7
ND5,164,scenario_1,C,T,nucleotide,False,0.150969321594905,20,14
ND5,180,scenario_1,A,T,nucleotide,False,0.3563936063936064,6,10
ND5,202,scenario_2,T,AG,nucleotide,False,0.12078329348448646,25,9
ND5,229,scenario_2,A,CT,nucleotide,False,0.08222076597068417,26,8
ND5,276,scenario_3,AG,C,nucleotide,False,0.4135713096192055,14,13
ND5,355,scenario_2,A,CGT,nucleotide,False,0.07529292053559213,27,7
ND5,399,scenario_2,A,CT,nucleotide,False,0.07369132514170541,17,14
ND5,409,scenario_1,A,T,nucleotide,True,0.03941334783997589,24,10
ND5,423,scenario_3,CT,A,nucleotide,False,0.5291104890659952,6,25
ND5,664,scenario_1,C,A,nucleotide,True,0.031255379081466035,20,8
ND5,759,scenario_3,CT,A,nucleotide,False,0.9074563967932943,11,23
ND5,1053,scenario_1,C,T,nucleotide,False,0.20638405472862054,26,8
ND5,1254,scenario_2,C,AT,nucleotide,False,0.28501441433059665,10,23
ND5,1283,scenario_3,CG,T,nucleotide,True,0.03513388591580046,26,8
ND5,1284,scenario_3,CT,A,nucleotide,True,0.043468500880546275,22,12
ND5,1295,scenario_1,T,A,nucleotide,False,0.17840399760875122,27,7
ND5,1350,scenario_1,C,T,nucleotide,False,0.4861657007059113,15,19
ND5,1389,scenario_3,CGT,A,nucleotide,False,0.25248389472650756,22,12
ND5,1445,scenario_2,C,AT,nucleotide,False,0.16012607529651884,23,11
ND5,1447,scenario_2,C,AGT,nucleotide,False,0.15826699639550212,24,10
ND5,1497,scenario_3,AC,T,nucleotide,False,0.37741082061636616,25,9
ND5,1531,scenario_2,A,CT,nucleotide,False,0.2744767141684903,18,10
ND5,1537,scenario_2,C,AT,nucleotide,False,0.1438558628174037,13,21
ND5,1557,scenario_2,C,AT,nucleotide,True,0.02653813699231003,13,20
ND5,1564,scenario_3,AG,C,nucleotide,False,0.15758279778229567,17,13
ND5,1571,scenario_3,CT,A,nucleotide,False,0.05409862376185072,24,10
ND5,1641,scenario_3,AC,T,nucleotide,False,0.8449318499835736,25,9
ND5,1654,scenario_3,CT,A,nucleotide,False,0.12768400470291458,23,8
ND5,1668,scenario_3,CGT,A,nucleotide,False,0.12386925159887324,16,18
ND5,1674,scenario_1,C,T,nucleotide,False,0.46683108980269217,27,7
ND5,1722,scenario_2,A,CT,nucleotide,True,0.0373441965354745,23,10
ND5,1738,scenario_3,AG,T,nucleotide,False,0.3042985472073348,28,5
ND5,1808,scenario_1,C,T,nucleotide,False,0.17387279945534878,9,10
ND6,12,scenario_3,CT,A,nucleotide,True,0.017425115207373273,27,5
ND6,33,scenario_2,T,AGY,nucleotide,False,0.11376731628269726,17,16
ND6,40,scenario_2,G,ACT,nucleotide,False,0.168233569087459,30,4
ND6,61,scenario_2,T,AG,nucleotide,False,0.6225891793836338,25,9
ND6,100,scenario_3,AT,G,nucleotide,False,0.5620402462522252,25,9
ND6,213,scenario_3,ACG,T,nucleotide,False,0.28457489704301175,18,16
ND6,232,scenario_2,C,AG,nucleotide,False,0.05060696169598461,16,17
ND6,255,scenario_2,T,AG,nucleotide,False,0.8324292550195095,24,10
ND6,266,scenario_1,T,C,nucleotide,False,0.24273331033293083,30,4
ND6,274,scenario_3,GT,A,nucleotide,False,0.1058986883733905,19,15
ND6,323,scenario_2,T,CG,nucleotide,False,0.3686098830926417,23,7
ND6,358,scenario_3,GT,A,nucleotide,False,0.16100060880225792,24,9
ND6,467,scenario_1,A,G,nucleotide,False,0.06566637802186191,23,9
ND6,472,scenario_3,AT,G,nucleotide,False,0.60049352649044,23,10
ND6,490,scenario_3,AG,T,nucleotide,False,0.0756431999887877,24,9
ND6,499,scenario_1,T,A,nucleotide,False,0.1871078446790591,21,8
ND6,517,scenario_3,CG,T,nucleotide,False,0.386853008566023,8,23
